[TYPE],,,,,
Mixed CSV,,,,,
[INFOMATION],,,,,
0,,,,,
1,,,,,
2,,,,,
3,,,,,
4,,,,,
5,,,,,
6,,,,,
7,,,,,
8,,,,,
9,,,,,
10,,,,,
[DATA],,,,,
TIME - Second,ULM-T10 - kgf,Displacement - mm,Strain - %,Stress - MPa,
0.1,-0.043,0.001,0.1,-0.023,0
0.2,2.864,0.005,0.5,1.554,0
0.3,8.214,0.0105,1.05,4.458,0
0.4,17.84,0.016,1.6,9.681,0
0.5,27.51,0.0205,2.05,14.929,0
0.6,37.742,0.0255,2.55,20.482,0
0.7,47.994,0.0305,3.05,26.045,0
0.8,57.852,0.0355,3.55,31.395,0
0.9,68.674,0.041,4.1,37.268,0
1,79.032,0.0455,4.55,42.889,0
1.1,88.83,0.0505,5.05,48.206,0
1.2,99.335,0.056,5.6,53.907,0
1.3,109.117,0.0605,6.05,59.216,0
1.4,118.422,0.065,6.5,64.266,0
1.5,128.578,0.07,7,69.777,0
1.6,137.502,0.075,7.5,74.619,0
1.7,146.53,0.08,8,79.519,0
1.8,156.073,0.085,8.5,84.698,0
1.9,164.483,0.0895,8.95,89.262,0
2,173.126,0.095,9.5,93.952,0
2.1,181.553,0.1,10,98.525,0
2.2,189.706,0.105,10.5,102.95,0
2.3,198.084,0.11,11,107.497,0
2.4,206.069,0.115,11.5,111.829,0
2.5,213.765,0.12,12,116.006,0
2.6,222.328,0.125,12.5,120.653,0
2.7,229.587,0.13,13,124.593,0
2.8,237.425,0.135,13.5,128.846,0
2.9,245.737,0.14,14,133.357,0
3,252.54,0.1445,14.45,137.049,0
3.1,260.198,0.1495,14.95,141.205,0
3.2,268.028,0.1545,15.45,145.454,0
3.3,274.903,0.159,15.9,149.185,0
3.4,282.791,0.164,16.4,153.465,0
3.5,290.613,0.169,16.9,157.71,0
3.6,297.571,0.174,17.4,161.486,0
3.7,305.902,0.179,17.9,166.007,0
3.8,313.452,0.184,18.4,170.104,0
3.9,321.12,0.189,18.9,174.266,0
4,329.148,0.1945,19.45,178.622,0
4.1,336.455,0.199,19.9,182.588,0
4.2,344.087,0.2045,20.45,186.729,0
4.3,351.86,0.2095,20.95,190.947,0
4.4,358.414,0.214,21.4,194.504,0
4.5,366.109,0.2195,21.95,198.681,0
4.6,373,0.224,22.4,202.42,0
4.7,379.271,0.229,22.9,205.823,0
4.8,386.723,0.234,23.4,209.867,0
4.9,393.415,0.2385,23.85,213.499,0
5,399.885,0.2435,24.35,217.01,0
5.1,407.28,0.2485,24.85,221.023,0
5.2,413.958,0.2535,25.35,224.647,0
5.3,420.66,0.2585,25.85,228.284,0
5.4,428.107,0.2635,26.35,232.325,0
5.5,434.654,0.2685,26.85,235.878,0
5.6,441.497,0.274,27.4,239.592,0
5.7,448.188,0.2785,27.85,243.223,0
5.8,454.235,0.2835,28.35,246.504,0
5.9,461.117,0.289,28.9,250.239,0
6,467.066,0.2935,29.35,253.468,0
6.1,472.984,0.2985,29.85,256.679,0
6.2,479.567,0.3035,30.35,260.252,0
6.3,485.296,0.308,30.8,263.361,0
6.4,490.857,0.313,31.3,266.379,0
6.5,497.313,0.318,31.8,269.882,0
6.6,502.666,0.3225,32.25,272.787,0
6.7,508.06,0.328,32.8,275.715,0
6.8,514.525,0.3325,33.25,279.223,0
6.9,519.963,0.3375,33.75,282.174,0
7,525.822,0.343,34.3,285.354,0
7.1,531.886,0.3475,34.75,288.645,0
7.2,537.428,0.353,35.3,291.652,0
7.3,543.533,0.358,35.8,294.965,0
7.4,548.928,0.363,36.3,297.893,0
7.5,553.987,0.368,36.8,300.638,0
7.6,559.946,0.373,37.3,303.872,0
7.7,564.379,0.378,37.8,306.278,0
7.8,569.422,0.383,38.3,309.015,0
7.9,574.988,0.388,38.8,312.035,0
8,579.215,0.3925,39.25,314.329,0
8.1,584.122,0.3975,39.75,316.992,0
8.2,589.294,0.4025,40.25,319.799,0
8.3,593.706,0.407,40.7,322.193,0
8.4,598.563,0.412,41.2,324.829,0
8.5,603.528,0.417,41.7,327.523,0
8.6,608.307,0.422,42.2,330.117,0
8.7,613.476,0.427,42.7,332.922,0
8.8,618.075,0.432,43.2,335.418,0
8.9,622.606,0.437,43.7,337.876,0
9,627.669,0.4425,44.25,340.624,0
9.1,631.769,0.447,44.7,342.849,0
9.2,636.399,0.4525,45.25,345.362,0
9.3,641.205,0.4575,45.75,347.97,0
9.4,644.979,0.462,46.2,350.018,0
9.5,649.66,0.4675,46.75,352.558,0
9.6,653.995,0.472,47.2,354.911,0
9.7,657.765,0.477,47.7,356.957,0
9.8,662.369,0.482,48.2,359.455,0
9.9,666.145,0.4865,48.65,361.504,0
10,670.101,0.4915,49.15,363.651,0
10.1,674.659,0.4965,49.65,366.125,0
10.2,678.523,0.5015,50.15,368.221,0
10.3,682.822,0.5065,50.65,370.555,0
10.4,687.14,0.512,51.2,372.898,0
10.5,690.925,0.5165,51.65,374.952,0
10.6,695.274,0.522,52.2,377.312,0
10.7,699.275,0.527,52.7,379.483,0
10.8,702.698,0.532,53.2,381.341,0
10.9,706.976,0.537,53.7,383.663,0
11,710.621,0.542,54.2,385.641,0
11.1,714.121,0.547,54.7,387.54,0
11.2,718.368,0.552,55.2,389.844,0
11.3,721.46,0.5565,55.65,391.523,0
11.4,724.777,0.5615,56.15,393.323,0
11.5,728.968,0.5665,56.65,395.597,0
11.6,732.091,0.571,57.1,397.292,0
11.7,735.578,0.576,57.6,399.184,0
11.8,739.375,0.581,58.1,401.245,0
11.9,742.483,0.586,58.6,402.931,0
12,746.438,0.591,59.1,405.078,0
12.1,749.749,0.596,59.6,406.875,0
12.2,753.017,0.6005,60.05,408.648,0
12.3,756.819,0.606,60.6,410.711,0
12.4,759.981,0.6105,61.05,412.427,0
12.5,763.559,0.6155,61.55,414.369,0
12.6,767.48,0.621,62.1,416.497,0
12.7,770.272,0.625,62.5,418.012,0
12.8,773.13,0.63,63,419.563,0
12.9,776.792,0.635,63.5,421.55,0
13,779.617,0.6395,63.95,423.083,0
13.1,782.799,0.6445,64.45,424.81,0
13.2,786.153,0.6495,64.95,426.63,0
13.3,788.954,0.654,65.4,428.15,0
13.4,792.31,0.659,65.9,429.971,0
13.5,795.583,0.664,66.4,431.748,0
13.6,798.468,0.669,66.9,433.313,0
13.7,801.98,0.6745,67.45,435.219,0
13.8,804.862,0.679,67.9,436.783,0
13.9,807.798,0.6845,68.45,438.376,0
14,811.248,0.6895,68.95,440.249,0
14.1,813.864,0.6945,69.45,441.669,0
14.2,816.982,0.7,70,443.36,0
14.3,819.817,0.7045,70.45,444.899,0
14.4,822.011,0.7095,70.95,446.09,0
14.5,825.116,0.715,71.5,447.775,0
14.6,827.512,0.7195,71.95,449.075,0
14.7,829.738,0.724,72.4,450.283,0
14.8,832.605,0.729,72.9,451.839,0
14.9,834.787,0.734,73.4,453.023,0
15,836.873,0.7385,73.85,454.155,0
15.1,839.772,0.744,74.4,455.728,0
15.2,841.792,0.7485,74.85,456.825,0
15.3,844.224,0.754,75.4,458.144,0
15.4,846.716,0.759,75.9,459.496,0
15.5,848.597,0.764,76.4,460.517,0
15.6,851.145,0.769,76.9,461.9,0
15.7,853.119,0.774,77.4,462.971,0
15.8,854.953,0.779,77.9,463.966,0
15.9,857.289,0.7845,78.45,465.234,0
16,859.125,0.789,78.9,466.231,0
16.1,860.781,0.794,79.4,467.13,0
16.2,862.889,0.799,79.9,468.273,0
16.3,864.171,0.804,80.4,468.969,0
16.4,865.679,0.809,80.9,469.787,0
16.5,867.805,0.814,81.4,470.941,0
16.6,869.1,0.8185,81.85,471.644,0
16.7,870.766,0.8235,82.35,472.548,0
16.8,872.57,0.8285,82.85,473.527,0
16.9,873.86,0.8335,83.35,474.227,0
17,875.755,0.8385,83.85,475.256,0
17.1,877.275,0.8435,84.35,476.081,0
17.2,878.572,0.849,84.9,476.784,0
17.3,880.277,0.854,85.4,477.71,0
17.4,881.587,0.859,85.9,478.42,0
17.5,882.988,0.864,86.4,479.181,0
17.6,884.625,0.869,86.9,480.069,0
17.7,885.43,0.874,87.4,480.506,0
17.8,886.956,0.879,87.9,481.334,0
17.9,888.208,0.884,88.4,482.013,0
18,889.153,0.8885,88.85,482.527,0
18.1,890.775,0.894,89.4,483.406,0
18.2,891.82,0.8985,89.85,483.974,0
18.3,892.92,0.903,90.3,484.57,0
18.4,894.48,0.9085,90.85,485.417,0
18.5,895.534,0.913,91.3,485.989,0
18.6,896.485,0.9185,91.85,486.505,0
18.7,898.156,0.9235,92.35,487.412,0
18.8,899.182,0.9285,92.85,487.969,0
18.9,900.499,0.9335,93.35,488.683,0
19,901.906,0.939,93.9,489.447,0
19.1,902.855,0.9435,94.35,489.962,0
19.2,904.241,0.949,94.9,490.714,0
19.3,905.52,0.954,95.4,491.408,0
19.4,906.104,0.9585,95.85,491.725,0
19.5,907.757,0.964,96.4,492.623,0
19.6,908.691,0.9685,96.85,493.129,0
19.7,909.439,0.9735,97.35,493.535,0
19.8,911.073,0.9785,97.85,494.422,0
19.9,911.974,0.983,98.3,494.911,0
20,912.943,0.988,98.8,495.437,0
20.1,914.443,0.9935,99.35,496.251,0
20.2,915.455,0.998,99.8,496.8,0
20.3,916.625,1.0035,100.35,497.435,0
20.4,918.032,1.0085,100.85,498.198,0
20.5,918.842,1.0135,101.35,498.638,0
20.6,920.267,1.019,101.9,499.411,0
20.7,921.349,1.0235,102.35,499.999,0
20.8,922.249,1.029,102.9,500.487,0
20.9,923.778,1.034,103.4,501.317,0
21,924.531,1.039,103.9,501.726,0
21.1,925.517,1.044,104.4,502.26,0
21.2,927.131,1.049,104.9,503.136,0
21.3,927.598,1.0535,105.35,503.39,0
21.4,928.634,1.0585,105.85,503.952,0
21.5,929.996,1.0635,106.35,504.691,0
21.6,930.791,1.068,106.8,505.122,0
21.7,931.963,1.073,107.3,505.758,0
21.8,933.36,1.078,107.8,506.517,0
21.9,934.127,1.083,108.3,506.933,0
22,935.333,1.0885,108.85,507.587,0
22.1,936.703,1.093,109.3,508.331,0
22.2,937.517,1.0985,109.85,508.772,0
22.3,939.009,1.1035,110.35,509.582,0
22.4,939.872,1.1085,110.85,510.051,0
22.5,940.958,1.1135,111.35,510.64,0
22.6,942.379,1.119,111.9,511.411,0
22.7,942.8,1.1235,112.35,511.64,0
22.8,944.094,1.129,112.9,512.342,0
22.9,945.147,1.1335,113.35,512.913,0
23,945.861,1.1385,113.85,513.301,0
23.1,947.171,1.1435,114.35,514.011,0
23.2,948.081,1.148,114.8,514.506,0
23.3,948.947,1.153,115.3,514.975,0
23.4,950.224,1.158,115.8,515.668,0
23.5,951.28,1.163,116.3,516.241,0
23.6,952.265,1.168,116.8,516.776,0
23.7,953.663,1.1735,117.35,517.534,0
23.8,954.456,1.178,117.8,517.965,0
23.9,955.625,1.1835,118.35,518.6,0
24,956.951,1.1885,118.85,519.319,0
24.1,957.533,1.1935,119.35,519.635,0
24.2,958.692,1.199,119.9,520.264,0
24.3,959.918,1.2035,120.35,520.929,0
24.4,960.532,1.2085,120.85,521.263,0
24.5,961.859,1.214,121.4,521.983,0
24.6,962.775,1.2185,121.85,522.48,0
24.7,962.966,1.2235,122.35,522.583,0
24.8,964.603,1.2285,122.85,523.471,0
24.9,965.557,1.233,123.3,523.989,0
25,966.155,1.238,123.8,524.314,0
25.1,967.448,1.243,124.3,525.016,0
25.2,968.45,1.248,124.8,525.559,0
25.3,969.635,1.253,125.3,526.202,0
25.4,970.719,1.258,125.8,526.791,0
25.5,971.585,1.263,126.3,527.261,0
25.6,972.796,1.2685,126.85,527.918,0
25.7,973.786,1.273,127.3,528.455,0
25.8,974.467,1.2785,127.85,528.825,0
25.9,975.93,1.2835,128.35,529.619,0
26,976.569,1.2885,128.85,529.966,0
26.1,977.27,1.2935,129.35,530.346,0
26.2,978.556,1.2985,129.85,531.044,0
26.3,979.081,1.303,130.3,531.329,0
26.4,980.007,1.308,130.8,531.831,0
26.5,981.3,1.313,131.3,532.533,0
26.6,981.824,1.3175,131.75,532.817,0
26.7,983.06,1.323,132.3,533.488,0
26.8,984.236,1.3275,132.75,534.126,0
26.9,984.883,1.3325,133.25,534.477,0
27,986.042,1.338,133.8,535.106,0
27.1,987.15,1.343,134.3,535.708,0
27.2,987.862,1.348,134.8,536.094,0
27.3,989.273,1.3535,135.35,536.86,0
27.4,989.844,1.358,135.8,537.169,0
27.5,990.628,1.3635,136.35,537.595,0
27.6,991.809,1.3685,136.85,538.236,0
27.7,992.156,1.3735,137.35,538.424,0
27.8,993.271,1.3785,137.85,539.029,0
27.9,994.455,1.3835,138.35,539.672,0
28,994.813,1.388,138.8,539.866,0
28.1,995.813,1.393,139.3,540.409,0
28.2,996.851,1.398,139.8,540.972,0
28.3,997.526,1.4025,140.25,541.338,0
28.4,998.698,1.408,140.8,541.975,0
28.5,999.421,1.4125,141.25,542.367,0
28.6,1000.209,1.4175,141.75,542.795,0
28.7,1001.509,1.423,142.3,543.5,0
28.8,1002.265,1.428,142.8,543.91,0
28.9,1003.104,1.433,143.3,544.365,0
29,1004.22,1.438,143.8,544.971,0
29.1,1004.776,1.443,144.3,545.273,0
29.2,1006.087,1.4485,144.85,545.984,0
29.3,1006.987,1.453,145.3,546.472,0
29.4,1007.16,1.458,145.8,546.567,0
29.5,1008.685,1.4635,146.35,547.394,0
29.6,1009.272,1.468,146.8,547.713,0
29.7,1009.565,1.473,147.3,547.871,0
29.8,1011.009,1.478,147.8,548.655,0
29.9,1011.533,1.4825,148.25,548.94,0
30,1012.296,1.4875,148.75,549.354,0
30.1,1013.463,1.493,149.3,549.987,0
30.2,1014.218,1.4975,149.75,550.397,0
30.3,1015.007,1.503,150.3,550.825,0
30.4,1016.279,1.508,150.8,551.515,0
30.5,1016.777,1.5125,151.25,551.785,0
30.6,1017.912,1.518,151.8,552.401,0
30.7,1018.763,1.523,152.3,552.863,0
30.8,1019.214,1.528,152.8,553.108,0
30.9,1020.542,1.5335,153.35,553.829,0
31,1020.917,1.538,153.8,554.032,0
31.1,1021.479,1.543,154.3,554.337,0
31.2,1022.905,1.5485,154.85,555.111,0
31.3,1023.034,1.553,155.3,555.181,0
31.4,1023.817,1.558,155.8,555.606,0
31.5,1024.858,1.5625,156.25,556.171,0
31.6,1025.225,1.567,156.7,556.37,0
31.7,1026.106,1.5725,157.25,556.848,0
31.8,1027.197,1.577,157.7,557.44,0
31.9,1027.666,1.582,158.2,557.695,0
32,1028.83,1.5875,158.75,558.327,0
32.1,1029.538,1.5925,159.25,558.711,0
32.2,1030.17,1.5975,159.75,559.054,0
32.3,1031.447,1.6025,160.25,559.747,0
32.4,1031.784,1.6075,160.75,559.929,0
32.5,1032.471,1.6125,161.25,560.303,0
32.6,1033.655,1.618,161.8,560.945,0
32.7,1033.931,1.6225,162.25,561.095,0
32.8,1034.826,1.6275,162.75,561.58,0
32.9,1035.737,1.6325,163.25,562.075,0
33,1035.742,1.637,163.7,562.078,0
33.1,1036.826,1.6425,164.25,562.666,0
33.2,1037.636,1.647,164.7,563.105,0
33.3,1038.089,1.652,165.2,563.351,0
33.4,1039.256,1.657,165.7,563.984,0
33.5,1039.8,1.662,166.2,564.28,0
33.6,1040.615,1.667,166.7,564.722,0
33.7,1041.606,1.672,167.2,565.26,0
33.8,1042.123,1.677,167.7,565.54,0
33.9,1043.09,1.6825,168.25,566.065,0
34,1043.947,1.6875,168.75,566.53,0
34.1,1044.42,1.6925,169.25,566.787,0
34.2,1045.365,1.6975,169.75,567.3,0
34.3,1046.132,1.7025,170.25,567.716,0
34.4,1046.327,1.7075,170.75,567.822,0
34.5,1047.689,1.7125,171.25,568.561,0
34.6,1048.181,1.7175,171.75,568.828,0
34.7,1048.198,1.722,172.2,568.837,0
34.8,1049.27,1.727,172.7,569.419,0
34.9,1049.783,1.732,173.2,569.697,0
35,1050.395,1.7365,173.65,570.029,0
35.1,1051.347,1.742,174.2,570.546,0
35.2,1051.967,1.7465,174.65,570.883,0
35.3,1052.864,1.7515,175.15,571.369,0
35.4,1053.672,1.757,175.7,571.808,0
35.5,1054.279,1.7615,176.15,572.137,0
35.6,1055.366,1.767,176.7,572.727,0
35.7,1055.786,1.772,177.2,572.955,0
35.8,1056.337,1.777,177.7,573.254,0
35.9,1057.66,1.7825,178.25,573.972,0
36,1057.805,1.787,178.7,574.051,0
36.1,1058.31,1.792,179.2,574.325,0
36.2,1059.499,1.797,179.7,574.97,0
36.3,1059.591,1.8015,180.15,575.02,0
36.4,1060.089,1.807,180.7,575.29,0
36.5,1061.117,1.8115,181.15,575.848,0
36.6,1061.513,1.8165,181.65,576.063,0
36.7,1062.472,1.8215,182.15,576.583,0
36.8,1063.293,1.8265,182.65,577.029,0
36.9,1063.607,1.8315,183.15,577.199,0
37,1064.533,1.8365,183.65,577.702,0
37.1,1065.259,1.8415,184.15,578.096,0
37.2,1066.023,1.847,184.7,578.51,0
37.3,1066.913,1.852,185.2,578.993,0
37.4,1067.255,1.857,185.7,579.179,0
37.5,1067.794,1.862,186.2,579.472,0
37.6,1068.905,1.867,186.7,580.074,0
37.7,1068.978,1.872,187.2,580.114,0
37.8,1069.748,1.8775,187.75,580.532,0
37.9,1070.439,1.882,188.2,580.907,0
38,1070.829,1.887,188.7,581.118,0
38.1,1071.567,1.892,189.2,581.519,0
38.2,1072.114,1.897,189.7,581.816,0
38.3,1072.289,1.9015,190.15,581.911,0
38.4,1073.347,1.9065,190.65,582.485,0
38.5,1074.052,1.9115,191.15,582.868,0
38.6,1074.728,1.9165,191.65,583.234,0
38.7,1075.516,1.9215,192.15,583.662,0
38.8,1075.911,1.9265,192.65,583.876,0
38.9,1076.754,1.932,193.2,584.334,0
39,1077.555,1.937,193.7,584.768,0
39.1,1077.751,1.942,194.2,584.875,0
39.2,1078.659,1.947,194.7,585.368,0
39.3,1079.192,1.952,195.2,585.657,0
39.4,1079.495,1.957,195.7,585.821,0
39.5,1080.564,1.962,196.2,586.402,0
39.6,1080.838,1.967,196.7,586.55,0
39.7,1080.982,1.9715,197.15,586.628,0
39.8,1082.165,1.977,197.7,587.271,0
39.9,1082.478,1.9815,198.15,587.44,0
40,1082.94,1.9865,198.65,587.691,0
40.1,1084.039,1.9915,199.15,588.287,0
40.2,1084.371,1.9965,199.65,588.467,0
40.3,1085.065,2.0015,200.15,588.844,0
40.4,1085.892,2.0065,200.65,589.293,0
40.5,1086.247,2.0115,201.15,589.486,0
40.6,1087.036,2.017,201.7,589.914,0
40.7,1087.528,2.022,202.2,590.181,0
40.8,1087.887,2.027,202.7,590.375,0
40.9,1088.716,2.0325,203.25,590.825,0
41,1089.034,2.037,203.7,590.998,0
41.1,1089.349,2.042,204.2,591.169,0
41.2,1090.526,2.047,204.7,591.808,0
41.3,1090.544,2.052,205.2,591.817,0
41.4,1090.778,2.057,205.7,591.944,0
41.5,1091.741,2.062,206.2,592.467,0
41.6,1091.748,2.0665,206.65,592.471,0
41.7,1092.244,2.0715,207.15,592.74,0
41.8,1093.318,2.0765,207.65,593.323,0
41.9,1093.511,2.081,208.1,593.427,0
42,1094.348,2.0865,208.65,593.882,0
42.1,1095.053,2.0915,209.15,594.264,0
42.2,1095.306,2.0965,209.65,594.401,0
42.3,1096.144,2.102,210.2,594.856,0
42.4,1096.657,2.107,210.7,595.135,0
42.5,1096.988,2.112,211.2,595.315,0
42.6,1097.965,2.117,211.7,595.845,0
42.7,1097.899,2.1215,212.15,595.809,0
42.8,1098.579,2.127,212.7,596.178,0
42.9,1099.278,2.132,213.2,596.557,0
43,1099.151,2.1365,213.65,596.488,0
43.1,1099.726,2.142,214.2,596.8,0
43.2,1100.162,2.1465,214.65,597.037,0
43.3,1100.513,2.151,215.1,597.227,0
43.4,1101.314,2.1565,215.65,597.662,0
43.5,1101.691,2.161,216.1,597.867,0
43.6,1102.2,2.1665,216.65,598.143,0
43.7,1103.05,2.1715,217.15,598.604,0
43.8,1103.345,2.1765,217.65,598.764,0
43.9,1103.863,2.182,218.2,599.045,0
44,1104.645,2.187,218.7,599.47,0
44.1,1104.805,2.1915,219.15,599.556,0
44.2,1105.715,2.197,219.7,600.051,0
44.3,1106.072,2.202,220.2,600.244,0
44.4,1105.823,2.207,220.7,600.109,0
44.5,1106.897,2.212,221.2,600.692,0
44.6,1107.001,2.217,221.7,600.748,0
44.7,1107.166,2.2215,222.15,600.838,0
44.8,1107.989,2.2265,222.65,601.285,0
44.9,1108.058,2.2315,223.15,601.322,0
45,1108.382,2.236,223.6,601.498,0
45.1,1109.359,2.2415,224.15,602.028,0
45.2,1109.604,2.246,224.6,602.161,0
45.3,1110.117,2.2515,225.15,602.439,0
45.4,1110.891,2.2565,225.65,602.86,0
45.5,1110.991,2.2615,226.15,602.914,0
45.6,1111.826,2.267,226.7,603.367,0
45.7,1111.986,2.2715,227.15,603.454,0
45.8,1112.181,2.2765,227.65,603.559,0
45.9,1113.047,2.282,228.2,604.029,0
46,1113.155,2.2865,228.65,604.088,0
46.1,1113.294,2.292,229.2,604.164,0
46.2,1114.274,2.297,229.7,604.695,0
46.3,1114.06,2.3015,230.15,604.579,0
46.4,1114.473,2.3065,230.65,604.803,0
46.5,1115.338,2.3115,231.15,605.273,0
46.6,1115.333,2.316,231.6,605.27,0
46.7,1115.824,2.321,232.1,605.536,0
46.8,1116.44,2.326,232.6,605.871,0
46.9,1116.789,2.331,233.1,606.06,0
47,1117.486,2.3365,233.65,606.438,0
47.1,1117.837,2.3415,234.15,606.629,0
47.2,1118.031,2.3465,234.65,606.734,0
47.3,1118.743,2.352,235.2,607.12,0
47.4,1118.971,2.3565,235.65,607.244,0
47.5,1119.173,2.362,236.2,607.354,0
47.6,1119.954,2.367,236.7,607.778,0
47.7,1119.873,2.3715,237.15,607.733,0
47.8,1120.257,2.377,237.7,607.942,0
47.9,1120.849,2.382,238.2,608.264,0
48,1120.558,2.3865,238.65,608.105,0
48.1,1121.268,2.3915,239.15,608.491,0
48.2,1121.647,2.3965,239.65,608.697,0
48.3,1121.688,2.401,240.1,608.718,0
48.4,1122.389,2.406,240.6,609.099,0
48.5,1122.689,2.411,241.1,609.262,0
48.6,1123.106,2.416,241.6,609.488,0
48.7,1123.825,2.421,242.1,609.878,0
48.8,1123.899,2.426,242.6,609.919,0
48.9,1124.372,2.4315,243.15,610.175,0
49,1124.989,2.4365,243.65,610.51,0
49.1,1125.064,2.441,244.1,610.551,0
49.2,1125.488,2.447,244.7,610.781,0
49.3,1125.958,2.4515,245.15,611.036,0
49.4,1125.925,2.4565,245.65,611.018,0
49.5,1126.532,2.4615,246.15,611.347,0
49.6,1126.682,2.4665,246.65,611.429,0
49.7,1126.685,2.471,247.1,611.43,0
49.8,1127.301,2.4765,247.65,611.765,0
49.9,1127.449,2.481,248.1,611.845,0
50,1127.673,2.486,248.6,611.967,0
50.1,1128.42,2.491,249.1,612.372,0
50.2,1128.684,2.496,249.6,612.515,0
50.3,1128.961,2.501,250.1,612.666,0
50.4,1129.746,2.506,250.6,613.091,0
50.5,1129.824,2.511,251.1,613.134,0
50.6,1130.376,2.5165,251.65,613.433,0
50.7,1130.49,2.5215,252.15,613.495,0
50.8,1130.655,2.5265,252.65,613.585,0
50.9,1131.477,2.532,253.2,614.031,0
51,1131.179,2.5365,253.65,613.869,0
51.1,1131.633,2.5415,254.15,614.116,0
51.2,1132.227,2.547,254.7,614.438,0
51.3,1132.12,2.5515,255.15,614.38,0
51.4,1132.195,2.5565,255.65,614.42,0
51.5,1132.894,2.561,256.1,614.8,0
51.6,1132.759,2.566,256.6,614.727,0
51.7,1133.052,2.571,257.1,614.885,0
51.8,1133.664,2.576,257.6,615.218,0
51.9,1133.885,2.581,258.1,615.338,0
52,1134.326,2.586,258.6,615.577,0
52.1,1134.85,2.591,259.1,615.862,0
52.2,1134.965,2.596,259.6,615.924,0
52.3,1135.701,2.6015,260.15,616.323,0
52.4,1135.623,2.6065,260.65,616.281,0
52.5,1135.921,2.6115,261.15,616.443,0
52.6,1136.423,2.6165,261.65,616.715,0
52.7,1136.199,2.6215,262.15,616.593,0
52.8,1136.515,2.6265,262.65,616.765,0
52.9,1137.177,2.6315,263.15,617.124,0
53,1136.845,2.636,263.6,616.944,0
53.1,1137.303,2.641,264.1,617.193,0
53.2,1137.706,2.646,264.6,617.411,0
53.3,1137.631,2.651,265.1,617.371,0
53.4,1138.365,2.656,265.6,617.769,0
53.5,1138.544,2.661,266.1,617.866,0
53.6,1138.799,2.666,266.6,618.005,0
53.7,1139.636,2.671,267.1,618.459,0
53.8,1139.518,2.676,267.6,618.395,0
53.9,1139.851,2.6815,268.15,618.575,0
54,1140.472,2.6865,268.65,618.912,0
54.1,1140.244,2.6915,269.15,618.789,0
54.2,1140.714,2.697,269.7,619.044,0
54.3,1141.131,2.7015,270.15,619.27,0
54.4,1140.789,2.7065,270.65,619.085,0
54.5,1141.609,2.712,271.2,619.529,0
54.6,1141.607,2.7165,271.65,619.529,0
54.7,1141.295,2.7215,272.15,619.359,0
54.8,1141.991,2.7265,272.65,619.737,0
54.9,1142.024,2.731,273.1,619.755,0
55,1142.006,2.736,273.6,619.745,0
55.1,1142.915,2.741,274.1,620.238,0
55.2,1142.883,2.746,274.6,620.221,0
55.3,1143.299,2.751,275.1,620.446,0
55.4,1143.855,2.756,275.6,620.748,0
55.5,1143.774,2.761,276.1,620.704,0
55.6,1144.441,2.7665,276.65,621.066,0
55.7,1144.604,2.7715,277.15,621.155,0
55.8,1144.374,2.7765,277.65,621.03,0
55.9,1145.337,2.782,278.2,621.553,0
56,1145.152,2.7865,278.65,621.452,0
56.1,1145.086,2.7915,279.15,621.416,0
56.2,1145.789,2.797,279.7,621.798,0
56.3,1145.335,2.8015,280.15,621.551,0
56.4,1145.695,2.8065,280.65,621.747,0
56.5,1146.273,2.8115,281.15,622.061,0
56.6,1146.067,2.816,281.6,621.949,0
56.7,1146.243,2.821,282.1,622.044,0
56.8,1146.931,2.826,282.6,622.418,0
56.9,1146.981,2.831,283.1,622.445,0
57,1147.55,2.8365,283.65,622.754,0
57.1,1147.943,2.8415,284.15,622.967,0
57.2,1148.019,2.8465,284.65,623.008,0
57.3,1148.486,2.852,285.2,623.261,0
57.4,1148.403,2.857,285.7,623.217,0
57.5,1148.451,2.862,286.2,623.242,0
57.6,1149.143,2.867,286.7,623.618,0
57.7,1148.725,2.872,287.2,623.391,0
57.8,1149.261,2.877,287.7,623.682,0
57.9,1149.538,2.882,288.2,623.832,0
58,1149.16,2.8865,288.65,623.627,0
58.1,1149.714,2.892,289.2,623.928,0
58.2,1149.882,2.8965,289.65,624.019,0
58.3,1149.838,2.9015,290.15,623.995,0
58.4,1150.403,2.9065,290.65,624.302,0
58.5,1150.636,2.9115,291.15,624.428,0
58.6,1150.734,2.9165,291.65,624.481,0
58.7,1151.337,2.9215,292.15,624.808,0
58.8,1151.225,2.9265,292.65,624.748,0
58.9,1151.662,2.932,293.2,624.985,0
59,1152.12,2.937,293.7,625.233,0
59.1,1151.936,2.942,294.2,625.134,0
59.2,1152.346,2.947,294.7,625.356,0
59.3,1152.374,2.952,295.2,625.371,0
59.4,1152.172,2.957,295.7,625.262,0
59.5,1152.928,2.9625,296.25,625.672,0
59.6,1153.005,2.967,296.7,625.714,0
59.7,1152.599,2.972,297.2,625.493,0
59.8,1153.354,2.977,297.7,625.903,0
59.9,1153.172,2.9815,298.15,625.804,0
60,1153.262,2.9865,298.65,625.853,0
60.1,1153.973,2.992,299.2,626.239,0
60.2,1154.095,2.9965,299.65,626.305,0
60.3,1154.35,3.002,300.2,626.444,0
60.4,1154.89,3.007,300.7,626.737,0
60.5,1154.675,3.012,301.2,626.62,0
60.6,1155.209,3.0175,301.75,626.91,0
60.7,1155.255,3.0225,302.25,626.935,0
60.8,1155.264,3.0275,302.75,626.94,0
60.9,1155.678,3.0325,303.25,627.165,0
61,1155.587,3.0375,303.75,627.115,0
61.1,1155.64,3.0425,304.25,627.143,0
61.2,1156.239,3.0475,304.75,627.469,0
61.3,1155.975,3.052,305.2,627.325,0
61.4,1156.007,3.057,305.7,627.343,0
61.5,1156.494,3.062,306.2,627.607,0
61.6,1156.21,3.067,306.7,627.453,0
61.7,1156.52,3.072,307.2,627.621,0
61.8,1157.092,3.077,307.7,627.932,0
61.9,1156.787,3.0815,308.15,627.766,0
62,1157.446,3.087,308.7,628.124,0
62.1,1157.751,3.092,309.2,628.289,0
62.2,1157.716,3.097,309.7,628.27,0
62.3,1158.349,3.1025,310.25,628.614,0
62.4,1158.114,3.107,310.7,628.486,0
62.5,1158.271,3.1125,311.25,628.572,0
62.6,1158.675,3.1175,311.75,628.791,0
62.7,1158.306,3.1225,312.25,628.591,0
62.8,1158.728,3.1275,312.75,628.819,0
62.9,1159.007,3.1325,313.25,628.971,0
63,1158.639,3.137,313.7,628.771,0
63.1,1159.017,3.1425,314.25,628.976,0
63.2,1159.189,3.147,314.7,629.07,0
63.3,1159.012,3.152,315.2,628.974,0
63.4,1159.691,3.157,315.7,629.342,0
63.5,1159.662,3.162,316.2,629.327,0
63.6,1159.799,3.167,316.7,629.401,0
63.7,1160.409,3.1725,317.25,629.732,0
63.8,1160.259,3.177,317.7,629.65,0
63.9,1160.374,3.1825,318.25,629.713,0
64,1160.951,3.1875,318.75,630.026,0
64.1,1160.537,3.1925,319.25,629.801,0
64.2,1160.992,3.198,319.8,630.048,0
64.3,1161.403,3.203,320.3,630.271,0
64.4,1160.942,3.208,320.8,630.021,0
64.5,1161.372,3.213,321.3,630.255,0
64.6,1161.27,3.2175,321.75,630.199,0
64.7,1160.926,3.2225,322.25,630.012,0
64.8,1161.696,3.2275,322.75,630.43,0
64.9,1161.425,3.2325,323.25,630.283,0
65,1161.445,3.237,323.7,630.294,0
65.1,1162.272,3.2425,324.25,630.743,0
65.2,1162.191,3.247,324.7,630.699,0
65.3,1162.339,3.2525,325.25,630.779,0
65.4,1163.015,3.2575,325.75,631.146,0
65.5,1162.827,3.2625,326.25,631.044,0
65.6,1163.12,3.2675,326.75,631.203,0
65.7,1163.324,3.2725,327.25,631.313,0
65.8,1162.942,3.2775,327.75,631.106,0
65.9,1163.52,3.283,328.3,631.42,0
66,1163.371,3.2875,328.75,631.339,0
66.1,1163.221,3.293,329.3,631.258,0
66.2,1163.754,3.298,329.8,631.547,0
66.3,1163.529,3.3025,330.25,631.425,0
66.4,1163.496,3.3075,330.75,631.407,0
66.5,1164.037,3.3125,331.25,631.7,0
66.6,1163.739,3.317,331.7,631.539,0
66.7,1163.966,3.3225,332.25,631.662,0
66.8,1164.247,3.327,332.7,631.814,0
66.9,1164.27,3.332,333.2,631.827,0
67,1164.813,3.3375,333.75,632.122,0
67.1,1164.759,3.3425,334.25,632.093,0
67.2,1164.756,3.3475,334.75,632.091,0
67.3,1165.406,3.353,335.3,632.444,0
67.4,1165.242,3.3575,335.75,632.355,0
67.5,1165.129,3.363,336.3,632.293,0
67.6,1165.708,3.368,336.8,632.607,0
67.7,1165.219,3.373,337.3,632.342,0
67.8,1165.508,3.378,337.8,632.499,0
67.9,1165.843,3.383,338.3,632.681,0
68,1165.379,3.3875,338.75,632.429,0
68.1,1165.769,3.393,339.3,632.641,0
68.2,1165.954,3.3975,339.75,632.741,0
68.3,1165.654,3.402,340.2,632.578,0
68.4,1166.114,3.4075,340.75,632.828,0
68.5,1166.01,3.412,341.2,632.772,0
68.6,1166.347,3.417,341.7,632.954,0
68.7,1166.871,3.4225,342.25,633.239,0
68.8,1166.745,3.427,342.7,633.17,0
68.9,1166.805,3.4325,343.25,633.203,0
69,1167.391,3.4375,343.75,633.521,0
69.1,1167.012,3.4425,344.25,633.315,0
69.2,1167.306,3.448,344.8,633.475,0
69.3,1167.504,3.453,345.3,633.582,0
69.4,1167.08,3.4575,345.75,633.352,0
69.5,1167.556,3.463,346.3,633.611,0
69.6,1167.364,3.4675,346.75,633.506,0
69.7,1166.977,3.4725,347.25,633.296,0
69.8,1167.591,3.4775,347.75,633.63,0
69.9,1167.426,3.4825,348.25,633.54,0
70,1167.484,3.487,348.7,633.571,0
70.1,1168.038,3.4925,349.25,633.872,0
70.2,1167.98,3.497,349.7,633.841,0
70.3,1168.098,3.5025,350.25,633.904,0
70.4,1168.488,3.5075,350.75,634.116,0
70.5,1168.422,3.5125,351.25,634.08,0
70.6,1168.897,3.518,351.8,634.338,0
70.7,1168.842,3.523,352.3,634.308,0
70.8,1168.558,3.528,352.8,634.154,0
70.9,1169.067,3.533,353.3,634.431,0
71,1168.859,3.538,353.8,634.317,0
71.1,1168.768,3.543,354.3,634.268,0
71.2,1169.423,3.5485,354.85,634.623,0
71.3,1168.832,3.553,355.3,634.303,0
71.4,1168.708,3.558,355.8,634.236,0
71.5,1169.139,3.563,356.3,634.469,0
71.6,1168.859,3.5675,356.75,634.317,0
71.7,1169.114,3.5725,357.25,634.456,0
71.8,1169.451,3.5775,357.75,634.639,0
71.9,1169.41,3.5825,358.25,634.617,0
72,1169.708,3.5875,358.75,634.778,0
72.1,1169.849,3.5925,359.25,634.855,0
72.2,1169.707,3.5975,359.75,634.777,0
72.3,1170.381,3.603,360.3,635.143,0
72.4,1170.126,3.608,360.8,635.005,0
72.5,1169.981,3.613,361.3,634.926,0
72.6,1170.51,3.618,361.8,635.213,0
72.7,1170.177,3.623,362.3,635.033,0
72.8,1170.423,3.628,362.8,635.166,0
72.9,1170.501,3.633,363.3,635.208,0
73,1170.069,3.6375,363.75,634.974,0
73.1,1170.372,3.643,364.3,635.139,0
73.2,1170.55,3.6475,364.75,635.235,0
73.3,1170.214,3.6525,365.25,635.053,0
73.4,1170.636,3.6575,365.75,635.282,0
73.5,1170.812,3.6625,366.25,635.378,0
73.6,1170.875,3.6675,366.75,635.411,0
73.7,1171.331,3.673,367.3,635.659,0
73.8,1171.151,3.678,367.8,635.561,0
73.9,1171.333,3.683,368.3,635.66,0
74,1171.664,3.688,368.8,635.84,0
74.1,1171.298,3.693,369.3,635.641,0
74.2,1171.524,3.6985,369.85,635.764,0
74.3,1171.657,3.7035,370.35,635.836,0
74.4,1171.216,3.7085,370.85,635.597,0
74.5,1171.797,3.7135,371.35,635.912,0
74.6,1171.512,3.7185,371.85,635.757,0
74.7,1171.139,3.723,372.3,635.555,0
74.8,1171.704,3.7285,372.85,635.862,0
74.9,1171.584,3.733,373.3,635.796,0
75,1171.33,3.738,373.8,635.659,0
75.1,1171.962,3.743,374.3,636.001,0
75.2,1171.941,3.7475,374.75,635.99,0
75.3,1171.903,3.753,375.3,635.969,0
75.4,1172.405,3.758,375.8,636.242,0
75.5,1172.293,3.763,376.3,636.181,0
75.6,1172.537,3.7685,376.85,636.314,0
75.7,1172.501,3.773,377.3,636.294,0
75.8,1172.201,3.7785,377.85,636.131,0
75.9,1172.614,3.7835,378.35,636.355,0
76,1172.356,3.7885,378.85,636.215,0
76.1,1172.305,3.7935,379.35,636.187,0
76.2,1172.739,3.7985,379.85,636.423,0
76.3,1172.136,3.803,380.3,636.096,0
76.4,1172.148,3.8085,380.85,636.102,0
76.5,1172.794,3.813,381.3,636.453,0
76.6,1172.232,3.818,381.8,636.148,0
76.7,1172.356,3.823,382.3,636.215,0
76.8,1172.874,3.828,382.8,636.496,0
76.9,1172.661,3.833,383.3,636.381,0
77,1173.003,3.838,383.8,636.566,0
77.1,1173.239,3.843,384.3,636.694,0
77.2,1173.034,3.8485,384.85,636.583,0
77.3,1173.551,3.8535,385.35,636.863,0
77.4,1173.168,3.8585,385.85,636.656,0
77.5,1173.02,3.864,386.4,636.576,0
77.6,1173.587,3.869,386.9,636.883,0
77.7,1173.059,3.8735,387.35,636.597,0
77.8,1173.247,3.879,387.9,636.698,0
77.9,1173.318,3.884,388.4,636.737,0
78,1172.925,3.8885,388.85,636.524,0
78.1,1173.089,3.8935,389.35,636.613,0
78.2,1173.27,3.8985,389.85,636.711,0
78.3,1172.936,3.903,390.3,636.53,0
78.4,1173.299,3.908,390.8,636.727,0
78.5,1173.36,3.913,391.3,636.76,0
78.6,1173.282,3.918,391.8,636.718,0
78.7,1173.749,3.9235,392.35,636.971,0
78.8,1173.679,3.9285,392.85,636.933,0
78.9,1173.819,3.9335,393.35,637.009,0
79,1174.02,3.9385,393.85,637.118,0
79.1,1173.683,3.9435,394.35,636.935,0
79.2,1173.856,3.949,394.9,637.029,0
79.3,1174.031,3.954,395.4,637.124,0
79.4,1173.397,3.9585,395.85,636.78,0
79.5,1173.804,3.964,396.4,637.001,0
79.6,1173.778,3.9685,396.85,636.987,0
79.7,1173.368,3.9735,397.35,636.764,0
79.8,1173.864,3.9785,397.85,637.034,0
79.9,1173.673,3.9835,398.35,636.93,0
80,1173.558,3.9885,398.85,636.868,0
80.1,1174.2,3.9935,399.35,637.216,0
80.2,1173.9,3.9985,399.85,637.053,0
80.3,1174.023,4.0035,400.35,637.12,0
80.4,1174.307,4.0085,400.85,637.274,0
80.5,1174.142,4.0135,401.35,637.185,0
80.6,1174.521,4.019,401.9,637.39,0
80.7,1174.355,4.024,402.4,637.3,0
80.8,1174.055,4.029,402.9,637.137,0
80.9,1174.551,4.0345,403.45,637.407,0
81,1174.287,4.039,403.9,637.263,0
81.1,1173.95,4.044,404.4,637.08,0
81.2,1174.474,4.0495,404.95,637.364,0
81.3,1173.842,4.054,405.4,637.022,0
81.4,1173.701,4.059,405.9,636.945,0
81.5,1174.106,4.064,406.4,637.165,0
81.6,1173.847,4.0685,406.85,637.024,0
81.7,1173.804,4.0735,407.35,637.001,0
81.8,1174.158,4.0785,407.85,637.193,0
81.9,1174.068,4.0835,408.35,637.144,0
82,1174.416,4.089,408.9,637.333,0
82.1,1174.519,4.0935,409.35,637.389,0
82.2,1174.38,4.099,409.9,637.314,0
82.3,1174.828,4.104,410.4,637.557,0
82.4,1174.411,4.109,410.9,637.33,0
82.5,1174.379,4.114,411.4,637.313,0
82.6,1174.733,4.119,411.9,637.505,0
82.7,1174.121,4.124,412.4,637.173,0
82.8,1174.297,4.129,412.9,637.269,0
82.9,1174.582,4.134,413.4,637.423,0
83,1173.986,4.139,413.9,637.1,0
83.1,1174.193,4.144,414.4,637.212,0
83.2,1174.113,4.149,414.9,637.169,0
83.3,1173.768,4.1535,415.35,636.982,0
83.4,1174.27,4.159,415.9,637.254,0
83.5,1174.27,4.1635,416.35,637.254,0
83.6,1174.03,4.1685,416.85,637.123,0
83.7,1174.703,4.174,417.4,637.489,0
83.8,1174.475,4.179,417.9,637.365,0
83.9,1174.477,4.184,418.4,637.366,0
84,1174.764,4.189,418.9,637.522,0
84.1,1174.387,4.194,419.4,637.318,0
84.2,1174.655,4.1995,419.95,637.463,0
84.3,1174.527,4.2045,420.45,637.394,0
84.4,1174.033,4.209,420.9,637.125,0
84.5,1174.357,4.2145,421.45,637.301,0
84.6,1174.317,4.219,421.9,637.28,0
84.7,1173.698,4.224,422.4,636.944,0
84.8,1174.125,4.229,422.9,637.175,0
84.9,1173.933,4.2335,423.35,637.071,0
85,1173.637,4.2385,423.85,636.91,0
85.1,1174.161,4.2435,424.35,637.195,0
85.2,1174.066,4.2485,424.85,637.143,0
85.3,1174.238,4.2535,425.35,637.237,0
85.4,1174.517,4.259,425.9,637.388,0
85.5,1174.281,4.2635,426.35,637.26,0
85.6,1174.477,4.269,426.9,637.366,0
85.7,1174.429,4.274,427.4,637.34,0
85.8,1174.137,4.279,427.9,637.182,0
85.9,1174.467,4.2845,428.45,637.361,0
86,1174.221,4.289,428.9,637.227,0
86.1,1174.028,4.2945,429.45,637.123,0
86.2,1174.34,4.2995,429.95,637.292,0
86.3,1173.916,4.304,430.4,637.062,0
86.4,1173.663,4.309,430.9,636.925,0
86.5,1174.142,4.314,431.4,637.185,0
86.6,1173.581,4.3185,431.85,636.88,0
86.7,1173.677,4.324,432.4,636.932,0
86.8,1174.037,4.329,432.9,637.128,0
86.9,1173.663,4.3335,433.35,636.925,0
87,1174.03,4.339,433.9,637.123,0
87.1,1174.165,4.344,434.4,637.197,0
87.2,1173.862,4.349,434.9,637.032,0
87.3,1174.231,4.3545,435.45,637.233,0
87.4,1173.847,4.359,435.9,637.024,0
87.5,1173.757,4.3645,436.45,636.975,0
87.6,1174.036,4.3695,436.95,637.127,0
87.7,1173.444,4.3745,437.45,636.806,0
87.8,1173.584,4.3795,437.95,636.882,0
87.9,1173.664,4.3845,438.45,636.925,0
88,1172.984,4.389,438.9,636.556,0
88.1,1173.18,4.394,439.4,636.663,0
88.2,1173.253,4.399,439.9,636.702,0
88.3,1172.935,4.4035,440.35,636.529,0
88.4,1173.353,4.409,440.9,636.756,0
88.5,1173.32,4.4135,441.35,636.739,0
88.6,1173.081,4.4185,441.85,636.609,0
88.7,1173.634,4.424,442.4,636.909,0
88.8,1173.232,4.429,442.9,636.69,0
88.9,1173.05,4.434,443.4,636.592,0
89,1173.354,4.439,443.9,636.757,0
89.1,1173.153,4.444,444.4,636.648,0
89.2,1173.447,4.4495,444.95,636.807,0
89.3,1173.13,4.4545,445.45,636.635,0
89.4,1172.465,4.459,445.9,636.274,0
89.5,1172.998,4.4645,446.45,636.563,0
89.6,1172.65,4.469,446.9,636.375,0
89.7,1172.198,4.474,447.4,636.13,0
89.8,1172.537,4.479,447.9,636.314,0
89.9,1172.466,4.484,448.4,636.275,0
90,1172.116,4.489,448.9,636.085,0
90.1,1172.585,4.494,449.4,636.339,0
90.2,1172.375,4.499,449.9,636.225,0
90.3,1172.534,4.504,450.4,636.312,0
90.4,1172.721,4.509,450.9,636.413,0
90.5,1172.248,4.514,451.4,636.157,0
90.6,1172.432,4.5195,451.95,636.257,0
90.7,1172.291,4.5245,452.45,636.18,0
90.8,1171.951,4.5295,452.95,635.995,0
90.9,1172.401,4.535,453.5,636.24,0
91,1171.913,4.5395,453.95,635.975,0
91.1,1171.592,4.5445,454.45,635.8,0
91.2,1171.879,4.5495,454.95,635.957,0
91.3,1171.38,4.554,455.4,635.686,0
91.4,1170.978,4.559,455.9,635.467,0
91.5,1171.27,4.5635,456.35,635.626,0
91.6,1170.927,4.568,456.8,635.44,0
91.7,1170.79,4.573,457.3,635.365,0
91.8,1171.018,4.578,457.8,635.489,0
91.9,1170.91,4.583,458.3,635.43,0
92,1171.487,4.588,458.8,635.743,0
92.1,1171.315,4.593,459.3,635.65,0
92.2,1170.73,4.598,459.8,635.333,0
92.3,1170.989,4.603,460.3,635.473,0
92.4,1170.66,4.6075,460.75,635.295,0
92.5,1170.644,4.613,461.3,635.286,0
92.6,1171.065,4.618,461.8,635.515,0
92.7,1170.435,4.623,462.3,635.173,0
92.8,1170.418,4.628,462.8,635.164,0
92.9,1170.762,4.633,463.3,635.35,0
93,1169.865,4.6375,463.75,634.864,0
93.1,1170.059,4.6425,464.25,634.969,0
93.2,1170.086,4.6475,464.75,634.983,0
93.3,1169.567,4.652,465.2,634.701,0
93.4,1169.892,4.657,465.7,634.878,0
93.5,1169.888,4.662,466.2,634.876,0
93.6,1169.585,4.667,466.7,634.712,0
93.7,1169.971,4.6725,467.25,634.921,0
93.8,1169.663,4.6775,467.75,634.754,0
93.9,1169.557,4.6825,468.25,634.696,0
94,1169.873,4.6875,468.75,634.868,0
94.1,1169.12,4.6925,469.25,634.459,0
94.2,1169.293,4.698,469.8,634.553,0
94.3,1169.121,4.703,470.3,634.46,0
94.4,1168.441,4.7075,470.75,634.09,0
94.5,1168.976,4.713,471.3,634.381,0
94.6,1168.596,4.7175,471.75,634.175,0
94.7,1167.888,4.7225,472.25,633.79,0
94.8,1168.463,4.7275,472.75,634.103,0
94.9,1167.952,4.732,473.2,633.825,0
95,1167.616,4.737,473.7,633.643,0
95.1,1168.02,4.742,474.2,633.862,0
95.2,1167.77,4.747,474.7,633.727,0
95.3,1167.837,4.752,475.2,633.763,0
95.4,1167.734,4.7575,475.75,633.707,0
95.5,1167.495,4.7625,476.25,633.577,0
95.6,1167.551,4.7675,476.75,633.608,0
95.7,1167.285,4.7725,477.25,633.463,0
95.8,1166.816,4.7775,477.75,633.209,0
95.9,1167.217,4.783,478.3,633.427,0
96,1166.691,4.7875,478.75,633.141,0
96.1,1166.383,4.793,479.3,632.974,0
96.2,1166.732,4.798,479.8,633.163,0
96.3,1165.929,4.8025,480.25,632.727,0
96.4,1165.73,4.8075,480.75,632.619,0
96.5,1165.935,4.8125,481.25,632.731,0
96.6,1165.317,4.817,481.7,632.395,0
96.7,1165.406,4.8225,482.25,632.444,0
96.8,1165.441,4.827,482.7,632.463,0
96.9,1165.008,4.832,483.2,632.228,0
97,1165.225,4.8375,483.75,632.345,0
97.1,1165.06,4.8425,484.25,632.256,0
97.2,1164.659,4.8475,484.75,632.038,0
97.3,1165.116,4.853,485.3,632.286,0
97.4,1164.488,4.858,485.8,631.945,0
97.5,1164.175,4.863,486.3,631.776,0
97.6,1164.384,4.8685,486.85,631.889,0
97.7,1163.753,4.873,487.3,631.546,0
97.8,1163.729,4.8785,487.85,631.533,0
97.9,1163.696,4.883,488.3,631.516,0
98,1162.903,4.8875,488.75,631.085,0
98.1,1163.06,4.893,489.3,631.17,0
98.2,1162.811,4.8975,489.75,631.035,0
98.3,1162.342,4.9025,490.25,630.781,0
98.4,1162.397,4.9075,490.75,630.81,0
98.5,1162.287,4.9125,491.25,630.751,0
98.6,1161.981,4.9175,491.75,630.585,0
98.7,1162.272,4.923,492.3,630.743,0
98.8,1161.819,4.9275,492.75,630.497,0
98.9,1161.712,4.933,493.3,630.439,0
99,1161.661,4.938,493.8,630.411,0
99.1,1161.009,4.943,494.3,630.058,0
99.2,1161.24,4.9485,494.85,630.183,0
99.3,1160.877,4.953,495.3,629.986,0
99.4,1160.164,4.958,495.8,629.599,0
99.5,1160.422,4.9635,496.35,629.739,0
99.6,1159.945,4.968,496.8,629.48,0
99.7,1159.377,4.973,497.3,629.172,0
99.8,1159.57,4.978,497.8,629.276,0
99.9,1159.231,4.9825,498.25,629.092,0
100,1158.698,4.9875,498.75,628.803,0
100.1,1159.042,4.9925,499.25,628.99,0
100.2,1158.563,4.9975,499.75,628.73,0
100.3,1158.523,5.003,500.3,628.708,0
100.4,1158.582,5.008,500.8,628.74,0
100.5,1157.927,5.013,501.3,628.385,0
100.6,1158.121,5.0185,501.85,628.49,0
100.7,1157.766,5.023,502.3,628.297,0
100.8,1157.02,5.028,502.8,627.893,0
100.9,1157.223,5.0335,503.35,628.003,0
101,1156.691,5.038,503.8,627.714,0
101.1,1156.154,5.0435,504.35,627.422,0
101.2,1156.425,5.0485,504.85,627.57,0
101.3,1155.538,5.053,505.3,627.089,0
101.4,1155.142,5.058,505.8,626.873,0
101.5,1155.412,5.063,506.3,627.02,0
101.6,1154.78,5.0675,506.75,626.677,0
101.7,1154.531,5.073,507.3,626.542,0
101.8,1154.357,5.0775,507.75,626.448,0
101.9,1154.116,5.0825,508.25,626.317,0
102,1154.36,5.088,508.8,626.449,0
102.1,1154.02,5.093,509.3,626.264,0
102.2,1153.442,5.098,509.8,625.951,0
102.3,1153.667,5.103,510.3,626.073,0
102.4,1152.905,5.108,510.8,625.66,0
102.5,1152.581,5.1135,511.35,625.484,0
102.6,1152.765,5.1185,511.85,625.584,0
102.7,1151.939,5.123,512.3,625.136,0
102.8,1151.687,5.1285,512.85,624.998,0
102.9,1151.5,5.1335,513.35,624.897,0
103,1150.745,5.138,513.8,624.487,0
103.1,1150.577,5.143,514.3,624.396,0
103.2,1150.462,5.148,514.8,624.334,0
103.3,1149.819,5.153,515.3,623.985,0
103.4,1149.873,5.158,515.8,624.014,0
103.5,1149.573,5.163,516.3,623.851,0
103.6,1149.163,5.168,516.8,623.629,0
103.7,1149.25,5.173,517.3,623.676,0
103.8,1148.695,5.178,517.8,623.375,0
103.9,1148.388,5.1835,518.35,623.208,0
104,1148.505,5.1885,518.85,623.272,0
104.1,1147.68,5.1935,519.35,622.824,0
104.2,1147.509,5.199,519.9,622.731,0
104.3,1147.214,5.2035,520.35,622.571,0
104.4,1146.263,5.2085,520.85,622.055,0
104.5,1146.394,5.214,521.4,622.126,0
104.6,1145.872,5.2185,521.85,621.843,0
104.7,1145.055,5.2235,522.35,621.399,0
104.8,1145.191,5.2285,522.85,621.473,0
104.9,1144.696,5.233,523.3,621.205,0
105,1144.103,5.238,523.8,620.883,0
105.1,1144.178,5.243,524.3,620.924,0
105.2,1143.671,5.248,524.8,620.649,0
105.3,1143.402,5.253,525.3,620.503,0
105.4,1143.424,5.2585,525.85,620.514,0
105.5,1142.733,5.263,526.3,620.139,0
105.6,1142.47,5.2685,526.85,619.997,0
105.7,1142.139,5.2735,527.35,619.817,0
105.8,1141.411,5.2785,527.85,619.422,0
105.9,1141.457,5.284,528.4,619.447,0
106,1140.837,5.2885,528.85,619.11,0
106.1,1140.221,5.294,529.4,618.776,0
106.2,1140.261,5.299,529.9,618.798,0
106.3,1139.355,5.3035,530.35,618.306,0
106.4,1138.719,5.3085,530.85,617.961,0
106.5,1138.792,5.3135,531.35,618.001,0
106.6,1138.065,5.318,531.8,617.606,0
106.7,1137.886,5.323,532.3,617.509,0
106.8,1137.856,5.328,532.8,617.493,0
106.9,1137.069,5.333,533.3,617.066,0
107,1137.027,5.3385,533.85,617.043,0
107.1,1136.623,5.3435,534.35,616.823,0
107.2,1136.042,5.3485,534.85,616.508,0
107.3,1135.997,5.354,535.4,616.484,0
107.4,1135.246,5.3585,535.85,616.076,0
107.5,1134.8,5.364,536.4,615.834,0
107.6,1134.716,5.369,536.9,615.789,0
107.7,1133.567,5.374,537.4,615.165,0
107.8,1133.407,5.379,537.9,615.078,0
107.9,1133.11,5.384,538.4,614.917,0
108,1132.046,5.3885,538.85,614.34,0
108.1,1131.814,5.3935,539.35,614.214,0
108.2,1131.526,5.3985,539.85,614.057,0
108.3,1130.906,5.403,540.3,613.721,0
108.4,1130.602,5.4085,540.85,613.556,0
108.5,1130.371,5.413,541.3,613.431,0
108.6,1129.784,5.418,541.8,613.112,0
108.7,1129.708,5.4235,542.35,613.071,0
108.8,1129.055,5.4285,542.85,612.717,0
108.9,1128.515,5.4335,543.35,612.423,0
109,1128.52,5.439,543.9,612.426,0
109.1,1127.653,5.4435,544.35,611.956,0
109.2,1127.319,5.449,544.9,611.774,0
109.3,1126.766,5.454,545.4,611.474,0
109.4,1125.719,5.459,545.9,610.906,0
109.5,1125.797,5.464,546.4,610.948,0
109.6,1125.117,5.4685,546.85,610.58,0
109.7,1124.11,5.4735,547.35,610.033,0
109.8,1124.213,5.479,547.9,610.089,0
109.9,1123.551,5.4835,548.35,609.73,0
110,1122.707,5.488,548.8,609.272,0
110.1,1122.913,5.4935,549.35,609.384,0
110.2,1122.324,5.498,549.8,609.064,0
110.3,1121.705,5.5035,550.35,608.728,0
110.4,1121.427,5.5085,550.85,608.577,0
110.5,1120.754,5.5135,551.35,608.212,0
110.6,1120.507,5.519,551.9,608.078,0
110.7,1120,5.524,552.4,607.803,0
110.8,1119.255,5.529,552.9,607.398,0
110.9,1119.084,5.534,553.4,607.306,0
111,1117.999,5.539,553.9,606.717,0
111.1,1117.435,5.544,554.4,606.41,0
111.2,1117.367,5.549,554.9,606.374,0
111.3,1116.051,5.5535,555.35,605.66,0
111.4,1115.65,5.559,555.9,605.442,0
111.5,1115.428,5.5635,556.35,605.322,0
111.6,1114.566,5.5685,556.85,604.854,0
111.7,1114.157,5.5735,557.35,604.632,0
111.8,1113.846,5.5785,557.85,604.463,0
111.9,1113.15,5.583,558.3,604.085,0
112,1112.918,5.5885,558.85,603.959,0
112.1,1112.454,5.5935,559.35,603.707,0
112.2,1111.674,5.5985,559.85,603.284,0
112.3,1111.588,5.604,560.4,603.238,0
112.4,1110.514,5.6085,560.85,602.655,0
112.5,1109.853,5.614,561.4,602.296,0
112.6,1109.641,5.619,561.9,602.181,0
112.7,1108.435,5.6235,562.35,601.526,0
112.8,1108.084,5.629,562.9,601.336,0
112.9,1107.735,5.634,563.4,601.147,0
113,1106.498,5.6385,563.85,600.476,0
113.1,1106.192,5.6435,564.35,600.309,0
113.2,1105.833,5.6485,564.85,600.114,0
113.3,1104.837,5.653,565.3,599.574,0
113.4,1104.642,5.6585,565.85,599.468,0
113.5,1104.152,5.663,566.3,599.202,0
113.6,1103.336,5.668,566.8,598.759,0
113.7,1103.102,5.6735,567.35,598.633,0
113.8,1102.259,5.6785,567.85,598.175,0
113.9,1101.616,5.6835,568.35,597.826,0
114,1101.34,5.689,568.9,597.676,0
114.1,1100.104,5.6935,569.35,597.005,0
114.2,1099.894,5.699,569.9,596.891,0
114.3,1099.151,5.704,570.4,596.488,0
114.4,1098.194,5.709,570.9,595.969,0
114.5,1097.918,5.714,571.4,595.819,0
114.6,1096.947,5.719,571.9,595.292,0
114.7,1096.001,5.7235,572.35,594.779,0
114.8,1095.791,5.7285,572.85,594.665,0
114.9,1094.718,5.733,573.3,594.082,0
115,1094.177,5.738,573.8,593.789,0
115.1,1093.945,5.743,574.3,593.663,0
115.2,1093.268,5.748,574.8,593.296,0
115.3,1092.69,5.753,575.3,592.982,0
115.4,1092.097,5.7585,575.85,592.66,0
115.5,1091.192,5.763,576.3,592.169,0
115.6,1090.911,5.7685,576.85,592.017,0
115.7,1090.122,5.7735,577.35,591.588,0
115.8,1088.911,5.7785,577.85,590.931,0
115.9,1088.86,5.784,578.4,590.904,0
116,1087.672,5.7885,578.85,590.259,0
116.1,1086.852,5.7935,579.35,589.814,0
116.2,1086.675,5.799,579.9,589.718,0
116.3,1085.386,5.8035,580.35,589.018,0
116.4,1084.632,5.8085,580.85,588.609,0
116.5,1084.401,5.8135,581.35,588.484,0
116.6,1083.235,5.818,581.8,587.851,0
116.7,1082.871,5.823,582.3,587.653,0
116.8,1082.266,5.828,582.8,587.325,0
116.9,1081.206,5.833,583.3,586.75,0
117,1080.99,5.8385,583.85,586.632,0
117.1,1080.182,5.843,584.3,586.194,0
117.2,1079.23,5.8485,584.85,585.677,0
117.3,1078.903,5.8535,585.35,585.5,0
117.4,1077.736,5.8585,585.85,584.867,0
117.5,1076.938,5.864,586.4,584.434,0
117.6,1076.592,5.869,586.9,584.246,0
117.7,1075.141,5.8735,587.35,583.458,0
117.8,1074.569,5.879,587.9,583.148,0
117.9,1074.026,5.8835,588.35,582.853,0
118,1072.789,5.8885,588.85,582.182,0
118.1,1072.309,5.8935,589.35,581.921,0
118.2,1071.506,5.898,589.8,581.486,0
118.3,1070.439,5.903,590.3,580.907,0
118.4,1070.036,5.908,590.8,580.688,0
118.5,1069.29,5.913,591.3,580.283,0
118.6,1068.544,5.918,591.8,579.878,0
118.7,1068.137,5.923,592.3,579.658,0
118.8,1066.92,5.928,592.8,578.997,0
118.9,1066.182,5.9335,593.35,578.597,0
119,1065.63,5.9385,593.85,578.297,0
119.1,1064.393,5.9435,594.35,577.626,0
119.2,1063.818,5.949,594.9,577.314,0
119.3,1063.047,5.9535,595.35,576.896,0
119.4,1061.865,5.9585,595.85,576.254,0
119.5,1061.341,5.964,596.4,575.97,0
119.6,1060.183,5.9685,596.85,575.341,0
119.7,1059.045,5.9735,597.35,574.723,0
119.8,1058.662,5.9785,597.85,574.516,0
119.9,1057.77,5.983,598.3,574.032,0
120,1056.709,5.988,598.8,573.456,0
120.1,1056.33,5.993,599.3,573.25,0
120.2,1055.348,5.998,599.8,572.717,0
120.3,1054.578,6.0035,600.35,572.299,0
120.4,1053.945,6.0085,600.85,571.956,0
120.5,1052.579,6.0135,601.35,571.215,0
120.6,1051.997,6.019,601.9,570.899,0
120.7,1051.092,6.024,602.4,570.407,0
120.8,1049.832,6.029,602.9,569.724,0
120.9,1049.382,6.034,603.4,569.479,0
121,1048.226,6.039,603.9,568.852,0
121.1,1047.075,6.044,604.4,568.228,0
121.2,1046.727,6.049,604.9,568.039,0
121.3,1044.974,6.0535,605.35,567.087,0
121.4,1044.132,6.059,605.9,566.63,0
121.5,1043.657,6.0635,606.35,566.373,0
121.6,1042.368,6.0685,606.85,565.673,0
121.7,1041.708,6.0735,607.35,565.315,0
121.8,1041.006,6.0785,607.85,564.934,0
121.9,1039.791,6.083,608.3,564.275,0
122,1039.167,6.0885,608.85,563.936,0
122.1,1038.185,6.0935,609.35,563.403,0
122.2,1037.001,6.0985,609.85,562.761,0
122.3,1036.405,6.104,610.4,562.437,0
122.4,1035.138,6.1085,610.85,561.75,0
122.5,1033.976,6.114,611.4,561.119,0
122.6,1033.41,6.119,611.9,560.812,0
122.7,1031.947,6.124,612.4,560.018,0
122.8,1031.107,6.129,612.9,559.562,0
122.9,1030.124,6.134,613.4,559.028,0
123,1028.621,6.1385,613.85,558.213,0
123.1,1028.199,6.144,614.4,557.984,0
123.2,1027.034,6.1485,614.85,557.352,0
123.3,1025.683,6.153,615.3,556.619,0
123.4,1025.223,6.1585,615.85,556.369,0
123.5,1024.026,6.163,616.3,555.719,0
123.6,1022.92,6.1685,616.85,555.119,0
123.7,1022.231,6.1735,617.35,554.745,0
123.8,1020.862,6.1785,617.85,554.002,0
123.9,1019.835,6.184,618.4,553.445,0
124,1019.029,6.189,618.9,553.007,0
124.1,1017.674,6.194,619.4,552.272,0
124.2,1016.674,6.199,619.9,551.73,0
124.3,1015.651,6.204,620.4,551.175,0
124.4,1013.97,6.209,620.9,550.262,0
124.5,1013.36,6.2145,621.45,549.931,0
124.6,1011.91,6.219,621.9,549.144,0
124.7,1010.694,6.224,622.4,548.484,0
124.8,1009.987,6.229,622.9,548.101,0
124.9,1008.588,6.2335,623.35,547.341,0
125,1007.468,6.2385,623.85,546.734,0
125.1,1006.928,6.2435,624.35,546.44,0
125.2,1005.531,6.2485,624.85,545.682,0
125.3,1004.599,6.2535,625.35,545.177,0
125.4,1003.712,6.2585,625.85,544.695,0
125.5,1002.119,6.2635,626.35,543.831,0
125.6,1001.196,6.269,626.9,543.33,0
125.7,1000.022,6.274,627.4,542.693,0
125.8,998.571,6.279,627.9,541.905,0
125.9,997.563,6.284,628.4,541.358,0
126,996.163,6.289,628.9,540.599,0
126.1,994.718,6.294,629.4,539.815,0
126.2,994.004,6.299,629.9,539.427,0
126.3,992.195,6.304,630.4,538.445,0
126.4,991.047,6.309,630.9,537.822,0
126.5,990.125,6.3135,631.35,537.322,0
126.6,988.678,6.3185,631.85,536.537,0
126.7,987.533,6.3235,632.35,535.915,0
126.8,986.385,6.3285,632.85,535.292,0
126.9,985.144,6.3335,633.35,534.619,0
127,984.141,6.3385,633.85,534.074,0
127.1,982.966,6.3435,634.35,533.437,0
127.2,981.452,6.349,634.9,532.615,0
127.3,980.421,6.354,635.4,532.056,0
127.4,978.805,6.359,635.9,531.179,0
127.5,977.424,6.3645,636.45,530.429,0
127.6,976.451,6.3695,636.95,529.901,0
127.7,974.578,6.374,637.4,528.885,0
127.8,973.47,6.3795,637.95,528.283,0
127.9,972.138,6.384,638.4,527.561,0
128,970.141,6.389,638.9,526.477,0
128.1,969.327,6.394,639.4,526.035,0
128.2,968.025,6.399,639.9,525.329,0
128.3,966.356,6.4035,640.35,524.423,0
128.4,965.357,6.4085,640.85,523.881,0
128.5,964.085,6.4135,641.35,523.19,0
128.6,962.557,6.4185,641.85,522.362,0
128.7,961.646,6.424,642.4,521.867,0
128.8,960.014,6.4285,642.85,520.981,0
128.9,958.596,6.434,643.4,520.212,0
129,957.273,6.439,643.9,519.494,0
129.1,955.491,6.444,644.4,518.527,0
129.2,954.139,6.4495,644.95,517.793,0
129.3,952.662,6.454,645.4,516.991,0
129.4,950.664,6.459,645.9,515.907,0
129.5,949.659,6.4645,646.45,515.362,0
129.6,947.892,6.469,646.9,514.403,0
129.7,946.201,6.474,647.4,513.485,0
129.8,945.261,6.479,647.9,512.975,0
129.9,943.444,6.4835,648.35,511.989,0
130,941.719,6.4885,648.85,511.053,0
130.1,940.796,6.4935,649.35,510.552,0
130.2,939.13,6.4985,649.85,509.648,0
130.3,937.373,6.5035,650.35,508.694,0
130.4,935.935,6.509,650.9,507.914,0
130.5,934.242,6.514,651.4,506.995,0
130.6,932.877,6.519,651.9,506.255,0
130.7,931.12,6.524,652.4,505.301,0
130.8,929.016,6.529,652.9,504.159,0
130.9,927.891,6.5345,653.45,503.549,0
131,925.966,6.539,653.9,502.504,0
131.1,924.104,6.5445,654.45,501.493,0
131.2,922.678,6.5495,654.95,500.72,0
131.3,920.63,6.554,655.4,499.608,0
131.4,918.974,6.559,655.9,498.71,0
131.5,917.448,6.564,656.4,497.881,0
131.6,915.541,6.5685,656.85,496.847,0
131.7,913.822,6.574,657.4,495.913,0
131.8,912.462,6.5785,657.85,495.176,0
131.9,910.493,6.5835,658.35,494.107,0
132,908.834,6.589,658.9,493.207,0
132.1,907.048,6.594,659.4,492.238,0
132.2,905.133,6.599,659.9,491.198,0
132.3,903.429,6.6045,660.45,490.274,0
132.4,901.107,6.609,660.9,489.013,0
132.5,899.079,6.6145,661.45,487.913,0
132.6,897.051,6.6195,661.95,486.813,0
132.7,893.974,6.6245,662.45,485.143,0
132.8,805.261,6.635,663.5,437,0
132.9,72.516,6.6375,663.75,39.353,0
133,4.303,6.642,664.2,2.335,0
133.1,-2.2,6.647,664.7,-1.194,0
133.2,-2.917,6.6515,665.15,-1.583,0
133.3,-2.839,6.6565,665.65,-1.541,0
133.4,-2.836,6.6615,666.15,-1.539,0
133.5,-2.871,6.6665,666.65,-1.558,0
133.6,-2.941,6.6715,667.15,-1.596,0
133.7,-2.881,6.6765,667.65,-1.563,0
133.8,-2.95,6.6815,668.15,-1.601,0
133.9,-2.981,6.687,668.7,-1.618,0
134,-2.918,6.692,669.2,-1.584,0
134.1,-3.041,6.697,669.7,-1.65,0
134.2,-2.863,6.7025,670.25,-1.554,0
134.3,-3.111,6.707,670.7,-1.688,0
134.4,-3.087,6.712,671.2,-1.675,0
134.5,-2.906,6.7175,671.75,-1.577,0
134.6,-2.937,6.722,672.2,-1.594,0
134.7,-2.96,6.727,672.7,-1.606,0
134.8,-3.001,6.732,673.2,-1.628,0
134.9,-3.012,6.7365,673.65,-1.635,0
135,-3.07,6.7415,674.15,-1.666,0